axis,multiplicity_bin,data_v22,data_v22_err,data_v22_gap,data_v22_gap_err,data_gap_over_inclusive,data_gap_over_inclusive_err,mc_v22,mc_v22_err,mc_v22_gap,mc_v22_gap_err,mc_gap_over_inclusive,mc_gap_over_inclusive_err,data_over_mc_v22,data_over_mc_v22_err,data_over_mc_v22_gap,data_over_mc_v22_gap_err
beam,0_10,0.8120757921,0.0003863284417,0.8035728198,0.0009155428794,0.9895293365,0.00108035976,0.8179982312,0.0006575696998,0.8051183468,0.001755642886,0.9842543861,0.002183705151,0.9927598388,0.0009273335089,0.9980803728,0.002455586551
beam,10_15,0.7834258143,0.0001754884203,0.7629016551,0.0005128678681,0.9738020388,0.0005720472356,0.7877989972,0.000259558993,0.7621007501,0.0007825882161,0.9673796906,0.0008885962065,0.9944488595,0.0003961970427,1.001050917,0.001228653399
beam,15_20,0.7396451663,0.0001919254261,0.690288039,0.0006775670613,0.9332691815,0.0008467643218,0.738490908,0.0002686933704,0.6839051587,0.001277309941,0.9260847376,0.001673412112,1.001562996,0.0004475898126,1.00933299,0.002129591712
beam,20_25,0.6807774064,0.0001713686776,0.5876876383,0.0008855862964,0.8632596099,0.001289269592,0.6758712262,0.0004526832992,0.5778788456,0.00185225172,0.8550132381,0.002720989176,1.007259046,0.0007207128749,1.016973787,0.003601930457
beam,25_30,0.6181379239,0.0005059110007,0.4730327367,0.002247371756,0.7652543524,0.0036677843,0.6105141659,0.001389559083,0.4669509607,0.005064693975,0.764848691,0.007639658853,1.012487438,0.002448930829,1.013024443,0.01199543557
beam,30_35,0.5620106638,0.001568389044,0.3655559381,0.01045937814,0.650443064,0.01870734392,0.5448835267,0.00277624795,0.3327387581,0.02457784633,0.6106603371,0.04499401428,1.031432657,0.005991916494,1.098627464,0.08702587718
beam,35_40,0.5123917966,0.007698249117,0.2760645674,0.04474124567,0.5387763215,0.0846902189,0.4927123086,0.01145141558,0.2597823155,0.04349004781,0.5272494941,0.0843015721,1.039941133,0.02878019544,1.062676522,0.2476105143
beam,40_999,0.5174492033,0.02548508685,0.4183630492,0.1375707896,0.8085103746,0.2632500175,0.4789755236,0.03200116913,0,0,0,0,1.080324939,0.0896702345,0,0
