axis,multiplicity_bin,data_v22,data_v22_err,data_v22_gap,data_v22_gap_err,data_gap_over_inclusive,data_gap_over_inclusive_err,mc_v22,mc_v22_err,mc_v22_gap,mc_v22_gap_err,mc_gap_over_inclusive,mc_gap_over_inclusive_err,data_over_mc_v22,data_over_mc_v22_gap
thrust,0_10,0.3367215812,0.00159233347,0.2407105991,0.002490858333,0.7148653739,0.004846905615,0.3416780557,0.001938489142,0.2418270441,0.002887851917,0.707762878,0.006925844591,0.9854937289,0.9953832914
thrust,10_15,0.3647387118,0.0002727857157,0.240018076,0.0007785675591,0.6580548438,0.001791703922,0.3697460193,0.0008824768038,0.2373015763,0.001282811045,0.6417961626,0.002442241462,0.9864574404,1.011447457
thrust,15_20,0.3982904839,0.0004000346245,0.2327226893,0.0008864890903,0.5843039158,0.001777644213,0.4038380879,0.0005744860261,0.2328712945,0.001210797423,0.5766451989,0.002468062083,0.9862628014,0.9993618572
thrust,20_25,0.4173429218,0.0003454270947,0.2165365792,0.0007176431609,0.5188456971,0.001528778764,0.4191647485,0.0005767513161,0.2110569553,0.001458902279,0.5035179032,0.003251083201,0.9956536739,1.025962773
thrust,25_30,0.4201123265,0.0005520710996,0.1947257543,0.001437876506,0.4635087857,0.003278984305,0.4197089718,0.001240855941,0.1922623106,0.003904268439,0.4580848244,0.008374411427,1.000961034,1.012812931
thrust,30_35,0.4107354378,0.002262147369,0.1747915975,0.005809772509,0.4255576253,0.01249048997,0.407710165,0.003512120616,0.1707618205,0.01278671614,0.4188314033,0.02978655073,1.007420155,1.023598817
thrust,35_40,0.3990264888,0.008039780858,0.1556356583,0.01762692074,0.3900384126,0.03868021987,0.4026238402,0.01364775686,0.1796972612,0.04072732841,0.4463155017,0.0902657312,0.9910652301,0.8660992228
thrust,40_999,0.424158447,0.02746746138,0.3140503811,0.04943704802,0.7404081737,0.08722561583,0.3124884891,0.1307904729,0,0,0,0,1.357357029,0
