axis,multiplicity_bin,hV2_2,hV2_2_err,hV2_4,hV2_4_err,hV2_6,hV2_6_err,hV2_8,hV2_8_err
beam,0_10,0.8160498876,0.0003692843682,0.8117165955,0.0004541890455,0.8114278106,0.0004506230122,0.8113973538,0.0004502343322
beam,10_15,0.7879970251,0.0002178863619,0.7781025666,0.0002690407075,0.7773055123,0.0002716323198,0.7771825408,0.0002718912082
beam,15_20,0.7425229091,0.0001618389529,0.7221143015,0.0001753596776,0.7201704467,0.0001751872783,0.7198632026,0.0001746341753
beam,20_25,0.682815692,0.0003050561323,0.647607106,0.0004444978029,0.643884658,0.000471571013,0.6432615299,0.0004780682444
beam,25_30,0.6189257991,0.0007571006746,0.567832561,0.0008991835919,0.5618789944,0.0009275360104,0.5607951328,0.0009356517397
beam,30_35,0.5642812552,0.002730554602,0.4965755891,0.002707465296,0.4877762277,0.002661397629,0.4859815045,0.00265075517
beam,35_40,0.5247884679,0.009999286249,0.4460133395,0.01559273531,0.4337669501,0.01769355601,0.4311067651,0.01844384485
beam,40_999,0.5486343171,0.04081891378,0.4982242942,0.05933042318,0.487121128,0.06528175553,0.4845093683,0.06744265558
