axis,multiplicity_bin,hV2_2,hV2_2_err,hV2_4,hV2_4_err,hV2_6,hV2_6_err,hV2_8,hV2_8_err
thrust,0_10,0.3349645284,0.001771433906,0,0,0,0,0,0
thrust,10_15,0.3711027821,0.0008753714169,0,0,0,0,0,0
thrust,15_20,0.4091490453,0.0006021471952,0,0,0,0,0,0
thrust,20_25,0.4265365162,0.0007176535204,0.3032895654,0.002196710685,0,0,0,0
thrust,25_30,0.4284918791,0.001389967385,0.3350782552,0.002361563754,0.3133401229,0.003708592819,0.3031853732,0.005904744529
thrust,30_35,0.4184916281,0.003570773951,0.3348648724,0.008820909272,0.3255031506,0.01130675855,0.3226858755,0.01199654956
thrust,35_40,0.4124117725,0.011583381,0.3530910943,0.02040419135,0.3383740794,0.0274479705,0.3330003258,0.03263468005
thrust,40_999,0.2951200458,0.06518633181,0.2847591551,0.08504006296,0.2789807306,0.169318656,0,0
