axis,multiplicity_bin,hV2_2,hV2_2_err,hV2_4,hV2_4_err,hV2_6,hV2_6_err,hV2_8,hV2_8_err
thrust,0_10,0.3367215812,0.00159233347,0,0,0,0,0.3510347834,0.007402411366
thrust,10_15,0.3647387118,0.0002727857157,0,0,0,0,0,0
thrust,15_20,0.3982904839,0.0004000346245,0,0,0,0,0,0
thrust,20_25,0.4173429218,0.0003454270947,0.2846040598,0.001459517276,0,0,0,0
thrust,25_30,0.4201123265,0.0005520710996,0.316496535,0.001548041567,0.2819289989,0.003658468759,0.2458274446,0.01188775765
thrust,30_35,0.4107354378,0.002262147369,0.316792498,0.003687838623,0.3028368249,0.003426292973,0.2990855258,0.003549264467
thrust,35_40,0.3990264888,0.008039780858,0.3035603555,0.0190413814,0.2873102944,0.02430172006,0.2846643852,0.02582112798
thrust,40_999,0.424158447,0.02746746138,0.3230767125,0.06341046335,0,0,0,0
