axis,multiplicity_bin,hV2_2,hV2_2_err,hV2_4,hV2_4_err,hV2_6,hV2_6_err,hV2_8,hV2_8_err
beam,0_10,0.8179982312,0.0006575696998,0.811295519,0.000631657447,0.8108165024,0.0006140967426,0.8107585654,0.0006136127249
beam,10_15,0.7877989972,0.000259558993,0.7759622286,0.000288939763,0.7749573428,0.0002910592741,0.7747998989,0.0002914866525
beam,15_20,0.738490908,0.0002686933704,0.716072601,0.0003583414029,0.7138925956,0.0003760049329,0.713544993,0.0003793077279
beam,20_25,0.6758712262,0.0004526832992,0.6380273439,0.000539613674,0.6339737338,0.0005539169059,0.6332929333,0.0005558173928
beam,25_30,0.6105141659,0.001389559083,0.5566277648,0.001895726452,0.5504164957,0.001986399594,0.5493022801,0.002006159509
beam,30_35,0.5448835267,0.00277624795,0.4753289781,0.004280858959,0.46724961,0.005128826539,0.4657570421,0.005391712005
beam,35_40,0.4927123086,0.01145141558,0.4192404492,0.01467182897,0.4122344382,0.01527128926,0.4117020658,0.01536522182
beam,40_999,0.4789755236,0.03200116913,0.4885975142,0.03205260565,0.4880786787,0.03189910655,0.488047479,0.03187532075
