axis,multiplicity_bin,hV2_2,hV2_2_err,hV2_4,hV2_4_err,hV2_6,hV2_6_err,hV2_8,hV2_8_err
beam,0_10,0.7276514849,0.002354575563,0.7047045988,0.003207783674,0.7030739386,0.003386982559,0.7028638795,0.003395657262
beam,10_15,0.7182479622,0.002707735584,0.6801915291,0.003965540882,0.675666797,0.004132540796,0.6748353352,0.004169776903
beam,15_20,0.7108884684,0.002339337709,0.6704770989,0.003802042118,0.6654209658,0.00409522136,0.6644801768,0.004162917678
beam,20_25,0.6720073518,0.002858590163,0.621039915,0.004499266506,0.6139659989,0.004930129637,0.612517598,0.005049893479
beam,25_30,0.6114429486,0.004382703719,0.5372056815,0.006963281807,0.5251083646,0.007681913779,0.5221938525,0.007939050594
beam,30_35,0.5332271687,0.004589408393,0.4264871163,0.007968869652,0.3982136954,0.01199831051,0.3847240999,0.01686802307
beam,35_40,0.4822684456,0.007934233401,0.3505678909,0.01835671279,0.2981473192,0.04808502536,0,0
beam,40_999,0.4468672288,0.009339272266,0.3018053173,0.02971361773,0,0,0,0
