axis,multiplicity_bin,hV2_2,hV2_2_err,hV2_4,hV2_4_err,hV2_6,hV2_6_err,hV2_8,hV2_8_err
thrust,0_10,0.665535189,0.004513400071,0.6033647684,0.006807262869,0.5957824674,0.007017787255,0.5938194429,0.007218156146
thrust,10_15,0.6626766859,0.003882806886,0.5747946538,0.005603851544,0.5514755269,0.006518700382,0.5430903008,0.007112319167
thrust,15_20,0.630026604,0.005124347626,0.5293784828,0.006790205417,0.4961937396,0.007758671839,0.4791472109,0.008978575631
thrust,20_25,0.5582155837,0.004620811814,0.4340941478,0.006281462117,0.3787422241,0.01137671247,0.2827731331,0.443679978
thrust,25_30,0.4809557795,0.002522105529,0.3535136088,0.006573054902,0.2962823835,0.01797718964,0,0
thrust,30_35,0.4488258731,0.004997720108,0.3358799669,0.00942862144,0.3011435407,0.02123385376,0.2801625328,0.04896171949
thrust,35_40,0.4230928,0.007124716622,0.32938188,0.01180326828,0.3124601492,0.01664751101,0.3094146523,0.02000793604
thrust,40_999,0.415097541,0.01014762806,0.3084460448,0.01886966927,0.2475243901,0.07540730653,0,0
