axis,multiplicity_bin,data_v22,data_v22_err,data_v22_gap,data_v22_gap_err,data_gap_over_inclusive,data_gap_over_inclusive_err,mc_v22,mc_v22_err,mc_v22_gap,mc_v22_gap_err,mc_gap_over_inclusive,mc_gap_over_inclusive_err,data_over_mc_v22,data_over_mc_v22_err,data_over_mc_v22_gap,data_over_mc_v22_gap_err
beam,0_10,0.7896052381,0.0001331397682,0.7681950718,0.000426121079,0.9728849743,0.0005745827189,0.7905183461,0.0003462119123,0.765488598,0.0009404216118,0.9683375494,0.001087439171,0.998844925,0.0004687513405,1.003535616,0.001352715993
beam,10_15,0.7299066786,0.0003850486722,0.6937745179,0.001117404409,0.9504975611,0.001601352541,0.7313498865,0.0005017654656,0.6940491698,0.002634492431,0.9489974397,0.003349432382,0.998026652,0.0008637382267,0.9996042759,0.004121765792
beam,15_20,0.6767362566,0.001155539742,0.5900118442,0.004381460217,0.871849023,0.006978594609,0.6792857061,0.002098438733,0.6178627314,0.01067685799,0.909577113,0.01549085637,0.9962468671,0.003516438067,0.9549238271,0.0179605742
beam,20_25,0.623276866,0.01050356801,0.4663793419,0.09765984342,0.748269938,0.1566733683,0.6496068169,0.01702511794,0.5170811661,0.1552777885,0.795990979,0.2414637861,0.9594678655,0.02989589888,0.9019461013,0.3301991298
beam,25_30,0.6260451014,0.1445069593,0,0,0,0,0,0,0,0,0,0,0,0,0,0
beam,30_35,0,0,0,0,0,0,0,0,0,0,0,0,0,0,0,0
beam,35_40,0,0,0,0,0,0,0,0,0,0,0,0,0,0,0,0
beam,40_999,0,0,0,0,0,0,0,0,0,0,0,0,0,0,0,0
